SubcategoryKey,Subcategory
101,MP4&MP3
104,Recording Pen
106,Bluetooth Headphones
201,Televisions
202,VCD & DVD
203,Home Theater System
205,Car Video
301,Smart phones & PDAs
303,Desktops
304,Monitors
305,Projectors & Screens
306,"Printers, Scanners & Fax"
308,Computers Accessories
401,Digital Cameras
402,Digital SLR Cameras
405,Camcorders
406,Cameras & Camcorders Accessories
501,Home & Office Phones
503,Touch Screen Phones
504,Smart phones & PDAs
602,Movie DVD
701,Boxed Games
702,Download Games
801,Washers & Dryers
802,Refrigerators
803,Microwaves
804,Water Heaters
805,Coffee Machines
806,Lamps
807,Air Conditioners
808,Fans
505,Cell phones Accessories
